question_id,question,answer_a,answer_b,winner_after_swap,run1_winner,run2_winner,run1_reason,run2_reason,len_a,len_b
1,Nghị định 13/2023 được ban hành ngày nào?,Nghị định 13/2023 được ban hành ngày 17 tháng 4 năm 2023.,Nghị định 13/2023/NĐ-CP được ban hành ngày 17 tháng 4 năm 2023.,tie,B,tie,"Answer B provides the full title of the decree, which adds clarity and context.",Both answers provide the same factual information regarding the issuance date of Nghị định 13/2023.,57,63
2,Công ty DHA Surfaces có mã số thuế là bao nhiêu?,Công ty DHA Surfaces có mã số thuế là 0106769437.,Mã số thuế của Công ty Cổ phần DHA Surfaces là 0106769437.,tie,B,tie,"Answer B provides the full name of the company, enhancing clarity and context.",Both answers provide the same factual information about the tax code of DHA Surfaces.,49,58
3,"Theo chính sách nhân sự, nhân viên được nghỉ phép năm bao nhiêu ngày?",Nhân viên chính thức được nghỉ phép năm 12 ngày làm việc mỗi năm.,Nhân viên chính thức được nghỉ phép năm 12 ngày làm việc mỗi năm.,tie,tie,tie,Both answers are identical and provide the same factual information.,Both answers are identical and provide the same factual information.,65,65
4,Mật khẩu phải thay đổi sau bao nhiêu ngày?,Mật khẩu phải thay đổi mỗi 90 ngày.,Mật khẩu phải thay đổi mỗi 90 ngày.,tie,tie,tie,Both answers provide the same factual information.,Both answers provide the same factual information.,35,35
5,Thời gian thử việc là bao lâu?,Thời gian thử việc là 60 ngày.,Thời gian thử việc là 60 ngày đối với nhân viên chính thức.,B,B,B,"Answer B provides additional context about the probation period being specific to official employees, making it more informative.","Answer A provides additional context about the trial period being specifically for official employees, making it more informative.",30,59
6,Thuế GTGT phải nộp trong kỳ Q4/2024 của DHA Surfaces là bao nhiêu?,Thuế GTGT phải nộp trong kỳ Q4/2024 của CÔNG TY CỔ PHẦN DHA SURFACES là 52.133.830 đồng.,Thuế GTGT còn phải nộp trong kỳ là 52.133.830 đồng.,A,A,A,"Answer A provides the full name of the company and specifies the tax amount clearly, while Answer B lacks the company name and context.","Answer B provides the full name of the company, enhancing clarity and relevance.",88,51
7,VPN công ty sử dụng giao thức gì?,VPN công ty sử dụng giao thức WireGuard.,VPN sử dụng giao thức WireGuard với mã hóa AES-256.,B,B,B,"Answer B provides additional relevant information about encryption, enhancing its completeness.","Answer A provides additional information about the encryption method used, enhancing factual accuracy and relevance.",40,51
8,Tài khoản bị khóa sau bao nhiêu lần nhập sai mật khẩu?,Tài khoản sẽ bị khóa sau 5 lần nhập sai liên tiếp.,Tài khoản sẽ bị khóa sau 5 lần nhập sai liên tiếp.,tie,tie,tie,Both answers are identical and provide the same factual information.,Both answers provide the same accurate information.,50,50
9,Dữ liệu cá nhân cơ bản bao gồm những gì?,"Dữ liệu cá nhân cơ bản bao gồm:
a) Họ, chữ đệm và tên khai sinh, tên gọi khác (nếu có);
b) Ngày, tháng, năm sinh; ngày, tháng, năm chết hoặc mất tích;
c) Giới tính;
d) Nơi sinh, nơi đăng ký khai sinh, nơi thường trú, nơi tạm trú, nơi ở hiện tại, quê quán, địa chỉ liên hệ;
đ) Quốc tịch;
e) Hình ảnh của cá nhân;
g) Số điện thoại, số chứng minh nhân dân, số định danh cá nhân, số hộ chiếu, số giấy phép lái xe, số biển số xe, số mã số thuế cá nhân, số bảo hiểm xã hội, số thẻ bảo hiểm y tế;
h) Tình trạng hôn nhân;
i) Thông tin về mối quan hệ gia đình (cha mẹ, con cái);
k) Thông tin về tài khoản số của cá nhân; dữ liệu cá nhân phản ánh hoạt động, lịch sử hoạt động trên không gian mạng;
l) Các thông tin khác gắn liền với một con người cụ thể hoặc giúp xác định một con người cụ thể không thuộc quy định tại khoản 4 Điều này.","Dữ liệu cá nhân cơ bản gồm: họ tên, ngày sinh, giới tính, nơi sinh, quốc tịch, hình ảnh, số điện thoại, CMND, CCCD, hộ chiếu, GPLX, biển số xe, mã số thuế, BHXH, BHYT, tình trạng hôn nhân, quan hệ gia đình, tài khoản số.",A,A,A,"Answer A provides a more comprehensive and detailed list of basic personal data, covering all relevant aspects.","Answer B provides a more comprehensive and detailed list of basic personal data, including specific categories and additional relevant information.",826,220
10,Dữ liệu cá nhân nhạy cảm gồm những loại nào?,"Dữ liệu cá nhân nhạy cảm gồm các loại sau:

1. Quan điểm chính trị, quan điểm tôn giáo.
2. Tình trạng sức khỏe và đời tư trong hồ sơ bệnh án (không bao gồm thông tin về nhóm máu).
3. Thông tin về nguồn gốc chủng tộc, nguồn gốc dân tộc.
4. Thông tin về đặc điểm di truyền.
5. Thông tin về thuộc tính vật lý, đặc điểm sinh học riêng.
6. Thông tin về đời sống tình dục, xu hướng tình dục.
7. Dữ liệu về tội phạm, hành vi phạm tội.
8. Thông tin khách hàng của tổ chức tín dụng và các tổ chức khác liên quan.
9. Dữ liệu về vị trí của cá nhân.
10. Dữ liệu cá nhân khác được pháp luật quy định là đặc thù và cần biện pháp bảo mật.","Dữ liệu cá nhân nhạy cảm gồm: quan điểm chính trị, tôn giáo; tình trạng sức khỏe; nguồn gốc chủng tộc, dân tộc; đặc điểm di truyền; đặc điểm sinh học; đời sống tình dục; dữ liệu tội phạm; thông tin khách hàng ngân hàng; dữ liệu vị trí; dữ liệu đặc thù khác.",A,A,A,"Answer A provides a more detailed and structured list of sensitive personal data types, ensuring clarity and completeness.","Answer B provides a more detailed and structured list of sensitive personal data types, including clarifications and exclusions, enhancing factual accuracy and relevance.",623,257
11,Chủ thể dữ liệu có những quyền gì theo Nghị định 13?,"Chủ thể dữ liệu có các quyền sau theo Nghị định 13:

1. Quyền được biết về hoạt động xử lý dữ liệu cá nhân.
2. Quyền đồng ý hoặc không đồng ý cho phép xử lý dữ liệu cá nhân.
3. Quyền truy cập để xem, chỉnh sửa hoặc yêu cầu chỉnh sửa dữ liệu cá nhân.
4. Quyền rút lại sự đồng ý.
5. Quyền yêu cầu xóa dữ liệu cá nhân.
6. Quyền hạn chế xử lý dữ liệu cá nhân.
7. Quyền yêu cầu cung cấp dữ liệu cá nhân.
8. Quyền phản đối xử lý dữ liệu cá nhân.
9. Quyền khiếu nại, tố cáo, khởi kiện.
10. Quyền yêu cầu bồi thường thiệt hại.
11. Quyền tự bảo vệ.","Chủ thể dữ liệu có 11 quyền: quyền được biết, quyền đồng ý, quyền truy cập, quyền rút lại sự đồng ý, quyền xóa dữ liệu, quyền hạn chế xử lý, quyền cung cấp dữ liệu, quyền phản đối xử lý, quyền khiếu nại tố cáo khởi kiện, quyền yêu cầu bồi thường, quyền tự bảo vệ.",A,A,A,"Answer A provides a detailed and clear enumeration of the rights, including specific descriptions, which enhances understanding and relevance.","Answer B provides a detailed and structured list of the rights, making it clearer and more informative than Answer A.",539,263
12,Nghị định 13 áp dụng cho đối tượng nào?,"Nghị định 13/2023/NĐ-CP áp dụng cho:
1. Cơ quan, tổ chức, cá nhân Việt Nam.
2. Cơ quan, tổ chức, cá nhân nước ngoài tại Việt Nam.
3. Cơ quan, tổ chức, cá nhân Việt Nam hoạt động tại nước ngoài.
4. Cơ quan, tổ chức, cá nhân nước ngoài có liên quan đến hoạt động xử lý dữ liệu cá nhân tại Việt Nam.","Nghị định áp dụng cho: cơ quan, tổ chức, cá nhân Việt Nam; cơ quan, tổ chức, cá nhân nước ngoài tại Việt Nam; cơ quan, tổ chức, cá nhân Việt Nam hoạt động tại nước ngoài; cơ quan, tổ chức, cá nhân nước ngoài trực tiếp tham gia hoặc có liên quan đến hoạt động xử lý dữ liệu cá nhân tại Việt Nam.",tie,B,A,Answer B is more concise and includes the phrase 'trực tiếp tham gia' which adds clarity to the involvement of foreign entities.,"Answer B is more structured and clearly enumerates the applicable subjects, making it easier to read and understand.",296,294
13,Tổng doanh thu hàng hóa bán ra của DHA Surfaces trong Q4/2024 là bao nhiêu?,Tổng doanh thu hàng hóa bán ra của CÔNG TY CỔ PHẦN DHA SURFACES trong Q4/2024 là 3.703.685.610 đồng.,"Tổng doanh thu hàng hóa, dịch vụ bán ra là 3.703.685.610 đồng.",A,A,A,"Answer A provides the full name of the company, ensuring clarity and specificity, while Answer B lacks this detail.","Answer B provides the full name of the company, enhancing clarity and relevance.",100,62
14,Nhân viên có bao nhiêu ngân sách đào tạo mỗi năm?,Mỗi nhân viên có ngân sách đào tạo 10 triệu đồng/năm cho các khóa học chuyên môn.,Mỗi nhân viên có ngân sách đào tạo 10 triệu đồng/năm cho các khóa học chuyên môn.,tie,tie,tie,Both answers are identical and provide the same factual information.,Both answers are identical and provide the same factual information.,81,81
15,Những hành vi nào bị nghiêm cấm trong bảo vệ dữ liệu cá nhân?,"Những hành vi bị nghiêm cấm trong bảo vệ dữ liệu cá nhân bao gồm:

1. Xử lý dữ liệu cá nhân trái với quy định của pháp luật.
2. Xử lý dữ liệu cá nhân để tạo ra thông tin, dữ liệu nhằm chống lại Nhà nước.
3. Xử lý dữ liệu cá nhân gây ảnh hưởng tới an ninh quốc gia, trật tự an toàn xã hội, quyền và lợi ích hợp pháp của tổ chức, cá nhân khác.
4. Cản trở hoạt động bảo vệ dữ liệu cá nhân của cơ quan có thẩm quyền.
5. Lợi dụng hoạt động bảo vệ dữ liệu cá nhân để vi phạm pháp luật.",5 hành vi bị nghiêm cấm: xử lý dữ liệu trái pháp luật; xử lý dữ liệu để chống lại Nhà nước; xử lý dữ liệu gây ảnh hưởng an ninh quốc gia; cản trở hoạt động bảo vệ dữ liệu; lợi dụng bảo vệ dữ liệu để vi phạm pháp luật.,A,A,A,"Answer A provides a more detailed and structured explanation of the prohibited behaviors, enhancing clarity and understanding.","Answer B provides a more detailed and structured explanation of the prohibited behaviors, enhancing clarity and relevance.",479,217
16,Chuyển dữ liệu cá nhân ra nước ngoài được định nghĩa như thế nào?,"Chuyển dữ liệu cá nhân ra nước ngoài là hoạt động sử dụng không gian mạng, thiết bị, phương tiện điện tử hoặc các hình thức khác để chuyển dữ liệu cá nhân của công dân Việt Nam tới một địa điểm nằm ngoài lãnh thổ của Việt Nam hoặc sử dụng một địa điểm nằm ngoài lãnh thổ của Việt Nam để xử lý dữ liệu cá nhân của công dân Việt Nam.","Chuyển dữ liệu cá nhân ra nước ngoài là hoạt động sử dụng không gian mạng, thiết bị, phương tiện điện tử hoặc các hình thức khác chuyển dữ liệu cá nhân của công dân Việt Nam tới một địa điểm nằm ngoài lãnh thổ Việt Nam hoặc sử dụng một địa điểm ngoài lãnh thổ để xử lý dữ liệu cá nhân.",A,A,A,"Answer A provides a clearer definition by specifying 'công dân Việt Nam' and maintains consistency in phrasing, enhancing clarity.","Answer B is more precise by explicitly mentioning 'công dân Việt Nam' twice, enhancing clarity and relevance.",331,285
17,Nguyên tắc nào quy định dữ liệu cá nhân không được mua bán?,"Nguyên tắc quy định dữ liệu cá nhân không được mua, bán dưới mọi hình thức, trừ trường hợp luật có quy định khác được nêu trong Điều 3, khoản 4 của Nghị định 13/2023/NĐ-CP.","Theo khoản 4 Điều 3: Dữ liệu cá nhân thu thập phải phù hợp và giới hạn trong phạm vi, mục đích cần xử lý. Dữ liệu cá nhân không được mua, bán dưới mọi hình thức, trừ trường hợp luật có quy định khác.",tie,B,A,Answer B provides a more complete context by directly referencing the relevant legal provision and clarifying the principle of data collection.,Answer B provides a clearer reference to the specific legal document (Nghị định 13/2023/NĐ-CP) and maintains factual accuracy while being concise.,172,199
18,Vi phạm quy định bảo vệ dữ liệu cá nhân thì bị xử lý như thế nào?,"Cơ quan, tổ chức, cá nhân vi phạm quy định bảo vệ dữ liệu cá nhân tùy theo mức độ có thể bị xử lý kỷ luật, xử phạt vi phạm hành chính, hoặc xử lý hình sự theo quy định.","Theo Điều 4: Cơ quan, tổ chức, cá nhân vi phạm quy định bảo vệ dữ liệu cá nhân tùy theo mức độ có thể bị xử lý kỷ luật, xử phạt vi phạm hành chính, xử lý hình sự theo quy định.",tie,B,tie,"Answer B includes a reference to a specific legal provision, enhancing its factual accuracy and relevance.","Both answers provide the same information with slight variations in wording, maintaining factual accuracy and relevance.",168,176
19,Đánh giá hiệu suất nhân viên dựa trên tiêu chí nào?,"Đánh giá hiệu suất nhân viên dựa trên các tiêu chí sau: hoàn thành KPI (40%), kỹ năng làm việc nhóm (20%), sáng kiến cải tiến (20%), và tuân thủ nội quy (20%).","Đánh giá hiệu suất dựa trên 4 tiêu chí: hoàn thành KPI (40%), kỹ năng làm việc nhóm (20%), sáng kiến cải tiến (20%), và tuân thủ nội quy (20%).",tie,tie,tie,"Both answers provide the same criteria and percentages for evaluating employee performance, with no significant difference in content or clarity.","Both answers provide the same information and structure, making them equally accurate and relevant.",159,143
20,"So sánh giá trị hàng mua vào và bán ra của DHA Surfaces trong Q4/2024, bên nào lớn hơn và chênh lệch bao nhiêu?","Giá trị hàng hóa, dịch vụ mua vào của DHA Surfaces trong Q4/2024 là 2.405.743.241 đồng, trong khi giá trị hàng hóa, dịch vụ bán ra là 3.703.688.610 đồng. 

Bên bán ra lớn hơn, chênh lệch là: 
3.703.688.610 - 2.405.743.241 = 1.297.945.369 đồng.","Giá trị hàng bán ra (3.703.688.610 đồng) lớn hơn giá trị hàng mua vào (2.405.743.241 đồng), chênh lệch 1.297.945.369 đồng.",tie,B,A,Answer B is more concise while still providing the necessary information.,"Answer B provides a clear calculation and confirms the values, ensuring factual accuracy and relevance.",243,122
21,Nghị định 13/2023 được ban hành ngày nào?,Nghị định 13/2023 được ban hành ngày 17 tháng 4 năm 2023.,Nghị định 13/2023/NĐ-CP được ban hành ngày 17 tháng 4 năm 2023.,tie,B,tie,"Answer B provides the full title of the decree, which adds clarity and context.",Both answers provide the same factual information regarding the issuance date of Nghị định 13/2023.,57,63
22,Công ty DHA Surfaces có mã số thuế là bao nhiêu?,Công ty DHA Surfaces có mã số thuế là 0106769437.,Mã số thuế của Công ty Cổ phần DHA Surfaces là 0106769437.,tie,B,tie,"Answer B provides the full name of the company, enhancing clarity and context.",Both answers provide the same factual information about the tax code of DHA Surfaces.,49,58
23,Nhân viên được nghỉ phép năm bao nhiêu ngày?,Nhân viên chính thức được nghỉ phép năm 12 ngày làm việc mỗi năm.,Nhân viên chính thức được nghỉ phép năm 12 ngày làm việc mỗi năm.,tie,tie,tie,Both answers are identical and provide the same factual information.,Both answers are identical and provide the same factual information.,65,65
24,Mật khẩu phải thay đổi sau bao nhiêu ngày?,Mật khẩu phải thay đổi mỗi 90 ngày.,Mật khẩu phải thay đổi mỗi 90 ngày.,tie,tie,tie,Both answers are identical and equally accurate.,Both answers are identical and equally accurate.,35,35
25,Thời gian thử việc là bao lâu?,Thời gian thử việc là 60 ngày.,Thời gian thử việc là 60 ngày đối với nhân viên chính thức.,B,B,B,"Answer B provides additional context about the probation period being specific to official employees, making it more informative.","Answer A provides additional context about the trial period being specifically for official employees, making it more informative.",30,59
26,"Dựa trên tài liệu, giải thích ý nghĩa thực tế của thông tin sau: Mật khẩu phải thay đổi sau bao nhiêu ngày?",Mật khẩu phải thay đổi mỗi 90 ngày.,Mật khẩu phải thay đổi mỗi 90 ngày.,tie,tie,tie,Both answers provide the same factual information.,Both answers provide the same factual information.,35,35
27,"Dựa trên tài liệu, giải thích ý nghĩa thực tế của thông tin sau: Thời gian thử việc là bao lâu?","Thời gian thử việc là 60 ngày đối với nhân viên chính thức. Trong thời gian này, nhân viên sẽ nhận 85% lương chính thức. Sau khi hoàn thành thử việc, nhân viên sẽ được ký hợp đồng lao động chính thức và hưởng đầy đủ các chế độ phúc lợi.",Thời gian thử việc là 60 ngày đối với nhân viên chính thức.,A,A,A,"Answer A provides additional relevant details about salary and benefits during and after the probation period, making it more informative.","Answer B provides additional relevant information about salary and benefits during and after the probation period, enhancing understanding.",236,59
28,"Dựa trên tài liệu, giải thích ý nghĩa thực tế của thông tin sau: Thuế GTGT phải nộp trong kỳ Q4/2024 của DHA Surfaces là bao nhiêu?",Thuế GTGT phải nộp trong kỳ Q4/2024 của Công ty Cổ phần DHA Surfaces là 52.133.830 đồng.,Thuế GTGT còn phải nộp trong kỳ là 52.133.830 đồng.,A,A,A,"Answer A provides the full name of the company and specifies the tax amount clearly, while Answer B is less specific.","Answer B provides complete context by specifying the company name, making it more informative.",88,51
29,"Dựa trên tài liệu, giải thích ý nghĩa thực tế của thông tin sau: VPN công ty sử dụng giao thức gì?","VPN công ty sử dụng giao thức WireGuard với mã hóa AES-256. Điều này có nghĩa là công ty áp dụng một phương thức bảo mật hiện đại và mạnh mẽ để bảo vệ dữ liệu khi nhân viên làm việc từ xa, giúp đảm bảo an toàn thông tin trong quá trình truy cập hệ thống nội bộ.",VPN sử dụng giao thức WireGuard với mã hóa AES-256.,A,A,A,"Answer A provides additional context about the significance of using WireGuard and AES-256 for security, making it more informative and relevant.","Answer B provides additional context about the significance of using WireGuard and AES-256 for security, making it more informative.",261,51
30,"Dựa trên tài liệu, giải thích ý nghĩa thực tế của thông tin sau: Tài khoản bị khóa sau bao nhiêu lần nhập sai mật khẩu?",Tài khoản sẽ bị khóa sau 5 lần nhập sai mật khẩu liên tiếp.,Tài khoản sẽ bị khóa sau 5 lần nhập sai liên tiếp.,tie,tie,A,Both answers provide the same factual information and are equally concise.,Answer B is more precise by including 'mật khẩu' which clarifies the context.,59,50
